{"search":"","showTags":true,"showAttachments":true,"hideUnresolved":false,"showOrphans":true,"showArrow":false,"textFadeMultiplier":0.4,"nodeSizeMultiplier":1.41923076923077,"lineSizeMultiplier":2.6965811965812,"centerStrength":0.58974358974359,"repelStrength":12.4786324786325,"linkStrength":0.786324786324786,"linkDistance":86,"scale":0.20314431245819636}